"","Estimate","Std. Error","z value","Pr(>|z|)"
"(Intercept)",1.52273719940582,0.0482167055478708,31.5811124402517,6.70902179649945e-219
"participant_age6-11mo",0.308613688129463,0.0589877400798018,5.23182762573975,1.67842230478457e-07
"participant_age1-4y",0.254249209577646,0.0574373625496241,4.42654742995871,9.57533356734022e-06
"participant_age5-9y",0.721206976513175,0.0558385893321224,12.9159240077414,3.66023577237586e-38
"participant_age10-14y",0.837253826526639,0.054780118793261,15.2838994323181,9.79029615717056e-53
"participant_age15-19y",0.941209769953754,0.053985593131559,17.4344619621034,4.51791644865765e-68
"participant_age20-29y",0.69755435404707,0.0558610841136944,12.4873042676245,8.75707788359932e-36
"participant_age30-39y",0.679087827629709,0.0560422503226483,12.1174261154761,8.53991557672684e-34
"participant_age40-59y",0.700341124370172,0.0523966151815204,13.3661520299344,9.5347279691593e-41
"participant_age60+y",0.421676485049912,0.058810694092298,7.17006475706832,7.49622995276379e-13
"sexMale",0.0568788801408327,0.0200499977730556,2.83685219243616,0.004556069843999
"siteUrban",-0.339811253791874,0.0204491760614709,-16.6173567468141,5.21831665344441e-62
