"","Estimate","Std. Error","t value","Pr(>|t|)"
"(Intercept)",4.32142857142856,0.758558055426161,5.69689892621437,1.5020990550215e-08
"participant_age6-11mo",2.30357142857146,1.01141074056821,2.27758252525311,0.0229105546897615
"participant_age1-4y",1.09902597402597,0.970350724885028,1.13260694905565,0.257584726082738
"participant_age5-9y",5.11857142857145,1.10447720018027,4.63438396712583,3.93372902757762e-06
"participant_age10-14y",7.04220779220794,1.03132791320835,6.82829166360911,1.3063587924514e-11
"participant_age15-19y",8.05357142857127,1.07276308983101,7.5073159254947,1.10503075130985e-13
"participant_age20-29y",4.67857142857148,1.04648735152049,4.47073863030811,8.46250949547854e-06
"participant_age30-39y",4.52705627705628,1.03132791320831,4.3895411140122,1.22637338101071e-05
"participant_age40-59y",6.22204968944114,0.962112304023354,6.46707215303434,1.40295217626287e-10
"participant_age60+y",2.16468253968253,1.01141074056821,2.14026058143937,0.0325162705594758
"sexMale",-0.302910052910062,1.08265051626321,-0.279785626441634,0.779685748616484
"siteUrban",-0.743303571428537,1.0386983953354,-0.715610589913852,0.47435820201874
"participant_age6-11mo:sexMale",0.130291005290983,1.41537287855572,0.0920541909944857,0.926668930967292
"participant_age1-4y:sexMale",1.16130166130167,1.35946264171203,0.854235802934008,0.393129114193763
"participant_age5-9y:sexMale",1.06803825803825,1.49322028068463,0.715258339210716,0.4745757230254
"participant_age10-14y:sexMale",-1.84644059644061,1.49524894413194,-1.2348716938988,0.217097690773771
"participant_age15-19y:sexMale",-0.419312169312053,1.48158152880689,-0.28301660162416,0.777208419306898
"participant_age20-29y:sexMale",2.42412217412215,1.47651093288067,1.64179087342936,0.10087119370272
"participant_age30-39y:sexMale",1.27700584958651,1.47651093288068,0.864880727361135,0.387261165386911
"participant_age40-59y:sexMale",-0.54289378935492,1.37734080549492,-0.394160825838485,0.693525876522906
"participant_age60+y:sexMale",1.08602971102972,1.49644450584543,0.725740050357671,0.468126598503413
"participant_age6-11mo:siteUrban",-2.42015796703308,1.46496019576724,-1.65202984628916,0.0987659400421949
"participant_age1-4y:siteUrban",-0.237757034632074,1.39042853229359,-0.170995509017555,0.864253464150059
"participant_age5-9y:siteUrban",-1.8252678571429,1.47772872256716,-1.23518466499858,0.216981254261939
"participant_age10-14y:siteUrban",-3.62033279220786,1.44459224386106,-2.50612780706309,0.0123254937834344
"participant_age15-19y:siteUrban",-3.57287289915961,1.45882555678188,-2.44914334174487,0.0144487215767886
"participant_age20-29y:siteUrban",-1.65669642857148,1.49769134743408,-1.10616678891136,0.268855585515189
"participant_age30-39y:siteUrban",-1.25034256737887,1.44459224386104,-0.865533213744117,0.386903234061028
"participant_age40-59y:siteUrban",-3.8878939876867,1.30835844527478,-2.97158168063811,0.00301625221491114
"participant_age60+y:siteUrban",-0.922807539682565,1.47339583324486,-0.626313390374035,0.531217530017918
"sexMale:siteUrban",0.841451719576718,1.48750321297375,0.565680606426743,0.571706916871159
"participant_age6-11mo:sexMale:siteUrban",1.22677172364675,2.05885818673127,0.595850521202931,0.551377086451502
"participant_age1-4y:sexMale:siteUrban",-1.27986226736225,1.96986885771211,-0.64971952947606,0.515986279793701
"participant_age5-9y:sexMale:siteUrban",-1.99974762656825,2.10501027499961,-0.949994235333894,0.342288817654693
"participant_age10-14y:sexMale:siteUrban",3.71698983886488,2.06984431001974,1.79578233052196,0.0727574262767512
"participant_age15-19y:sexMale:siteUrban",1.49502389631056,2.08066274921354,0.718532542996533,0.472555960178115
"participant_age20-29y:sexMale:siteUrban",-3.72933050745546,2.07668464820957,-1.79580973484382,0.072753063870208
"participant_age30-39y:sexMale:siteUrban",-2.33705289259725,2.06818599062575,-1.13000131670467,0.258680648311552
"participant_age40-59y:sexMale:siteUrban",0.745297227385501,1.86550845406611,0.399514258839745,0.689578853279746
"participant_age60+y:sexMale:siteUrban",-0.47234915547416,2.09090429055664,-0.225906636476608,0.821308955725341
