"","term","estimate","SE","test_statistic","p_value","Coefficient","group"
"2","30-39y",-0.395211389894121,0.511802751731043,-0.772194734313989,0.43999909980183,"30-39y","Age 
(Ref: 20-29 years)"
"3","40-49y",0.121708822545165,0.478456872002484,0.254377833545952,0.799203674122826,"40-49y","Age 
(Ref: 20-29 years)"
"4","50-59y",0.135468980603774,0.533658109777493,0.253849755342905,0.799611632890956,"50-59y","Age 
(Ref: 20-29 years)"
"5","60+y",-1.05358752588447,0.594502165492809,-1.7722181466086,0.0763583524592405,"60+y","Age 
(Ref: 20-29 years)"
"6","Male",0.1002760287877,0.357454262933923,0.280528277840783,0.779072233473963,"Male","Sex 
(Ref: Female)"
"7","Urban",-1.88333594612829,0.492163065259426,-3.82665030976179,0.000129898842758818,"Urban","Site 
(Ref: Rural)"
"8","Student",0.427013027680092,0.880139798469718,0.485165002676314,0.627559305271891,"Student","Occupation 
(Ref: Unemployed or Retired)"
"9","Farmer",0.604398717159755,0.468374995408004,1.29041627560255,0.196906164143487,"Farmer","Occupation 
(Ref: Unemployed or Retired)"
"10","Office worker",0.150873752895406,0.572672769179405,0.263455433914896,0.792199569067763,"Office worker","Occupation 
(Ref: Unemployed or Retired)"
"11","Casual laboror",-0.0825297309071686,0.655810258582916,-0.125843915716567,0.899855478366528,"Casual laboror","Occupation 
(Ref: Unemployed or Retired)"
"12","Homemaker",0.287502149373654,0.846755185771808,0.339533969445489,0.734207511365883,"Homemaker","Occupation 
(Ref: Unemployed or Retired)"
"13","Other",-0.124717989202217,0.517598780038945,-0.240954952005167,0.809590031018051,"Other","Occupation 
(Ref: Unemployed or Retired)"
