"","Term","RR","Lower_95_CI","Upper_95_CI"
"(Intercept)","(Intercept)",4.53418951921365,3.75223700093403,5.47909809295874
"age<6mo","age<6mo",0.850021873060116,0.66106861372783,1.09298364750093
"age6-11mo","age6-11mo",0.951795183470109,0.748589287159496,1.21016168253538
"age1-4y","age1-4y",1.06711160635719,0.849835247440958,1.33993875148293
"age5-9y","age5-9y",1.1538753064942,0.849351313798,1.56758246123552
"age10-19y","age10-19y",1.22400030810151,0.936910137109712,1.59906131323795
"age20-29y","age20-29y",1.13903415138997,0.934315683128672,1.38860860569969
"age40-59y","age40-59y",0.966634247794591,0.79093101509819,1.18136948883389
"age60+y","age60+y",0.919463880043176,0.742957337891065,1.13790359632737
"sexMale","sexMale",0.946954751847656,0.857019963828598,1.04632720344213
"hh_size_cat(2,5]","hh_size_cat(2,5]",0.791710475994177,0.712460850445129,0.879775327173854
"hh_size_cat(5,10]","hh_size_cat(5,10]",0.541283881373241,0.448385563275281,0.653429245344824
"hh_size_cat(10,50]","hh_size_cat(10,50]",0.596390761559477,0.31375503647292,1.13362942144896
"occupationStudent","occupationStudent",0.895468275038662,0.664626353809574,1.20648756553891
"occupationSemiskilled / skilled labor","occupationSemiskilled / skilled labor",1.08817311166057,0.936695569130968,1.26414681564005
"occupationSemiprofessional / professional","occupationSemiprofessional / professional",0.864608633231923,0.651332560410935,1.14772104773564
"occupationOther","occupationOther",1.65510319328764,0.721956024865057,3.79436764301949
"high_educCurrently enrolled in school","high_educCurrently enrolled in school",1.01499983405214,0.796175214463091,1.29396726299829
"high_educSecondary school","high_educSecondary school",0.886591101008877,0.713851871996616,1.10113009606545
"high_educSome college or higher","high_educSome college or higher",1.26161419031018,0.935769990219898,1.7009205059226
"high_educNone","high_educNone",1.03149552714468,0.879786978950244,1.20936436657543
