"","term","estimate","SE","test_statistic","p_value","log_pvalue"
"1","(Intercept)",-3.42161071199229,0.778672295526135,-4.39416007433573,1.1120185637051e-05,-5.99
"2","participant_age6-11mo",1.11477610907524,0.81207008134336,1.3727585028513,0.16982743521321,-1.77195684193188
"3","participant_age1-4y",0.876293666013809,0.838262423051941,1.04536913729641,0.295852395064179,-1.20397280432594
"4","participant_age5-9y",2.09113754848634,0.765918928748874,2.73023354038554,0.00632894730176985,-4.60517018598809
"5","participant_age10-14y",2.24765351262321,0.759120962341783,2.96086345144457,0.00306777918153337,-5.99
"6","participant_age15-19y",2.57524047790253,0.755431049145358,3.40896827157949,0.000652090634339574,-5.99
"7","participant_age20-29y",1.13890694005614,0.80331917297981,1.41775147209734,0.156263336684651,-1.83258146374831
"8","participant_age30-39y",1.23721986551464,0.803021476778525,1.54070582330872,0.123388398896467,-2.12026353620009
"9","participant_age40-59y",1.62124469424201,0.761753306818341,2.12830673622351,0.0333116599653619,-3.50655789731998
"10","participant_age60+y",0.648024093303867,0.863489112705625,0.750471643207374,0.452970696150028,-0.798507696217772
"11","sexMale",-0.207391093581995,0.196206852126447,-1.05700229800507,0.290510538656263,-1.23787435600162
"12","siteUrban",-1.30074408919179,0.21863257880695,-5.94945225587965,2.69041304121930e-09,-5.99
"13","hhsize4-6",-0.0175599387378479,0.310345649850174,-0.0565818749073022,0.954878273139638,-0.0512932943875506
"14","hhsize7+",0.74719131723186,0.310086573231244,2.40962164032382,0.015969071742029,-3.91202300542815
