""," ","Overall"
"1","","(N=1141)"
"2","participant_age",""
"3","  <1y","214 (18.8%)"
"4","  1-4y","118 (10.3%)"
"5","  5-9y","117 (10.3%)"
"6","  10-19y","202 (17.7%)"
"7","  20-29y","125 (11.0%)"
"8","  30-39y","109 (9.6%)"
"9","  40-59y","125 (11.0%)"
"10","  60+y","131 (11.5%)"
"11","participant_sex",""
"12","  Female","735 (64.4%)"
"13","  Male","405 (35.5%)"
"14","  Missing","1 (0.1%)"
"15","study_site",""
"16","  Rural","575 (50.4%)"
"17","  Urban","566 (49.6%)"
"18","hh_size_cat",""
"19","  [0,2]","293 (25.7%)"
"20","  (2,5]","704 (61.7%)"
"21","  (5,50]","143 (12.5%)"
"22","  Missing","1 (0.1%)"
"23","occupation",""
"24","  Unemployed outside home","789 (69.1%)"
"25","  Semiskilled / skilled labor","134 (11.7%)"
"26","  Student","190 (16.7%)"
"27","  Semiprofessional / professional","28 (2.5%)"
