"","Estimate","Std. Error","t value","Pr(>|t|)","Predictor"
"(Intercept)",6.41592911603291,1.91106216134837,3.35725820216443,0.000842129690289115,"*"
"age6-11mo",0.634943850327928,0.468800951276587,1.35439966279701,0.176170153410248,""
"age1-4y",1.19804011515805,0.716150946934062,1.67288770654709,0.0949232786488133,""
"age5-9y",1.09424944789089,1.45956594818694,0.74970880846471,0.453753594307577,""
"age10-19y",1.14253784733632,1.51655546754315,0.753376893749397,0.451548788378033,""
"age20-29y",0.252715983359722,1.59724854138719,0.158219573730361,0.874342386709483,""
"age30-39y",0.151598008099981,1.61294554173698,0.0939882991565393,0.925152994370409,""
"age40-59y",0.441561561781708,1.61447375579064,0.273501851732156,0.784571084403652,""
"age60+y",0.0276731678393562,1.62639147816174,0.0170150718390595,0.986430818945007,""
"sexMale",-0.204587417131862,0.226402119204283,-0.903646210781546,0.36658226882355,""
"hh_size",0.497877177704542,0.0608098977297509,8.18743652418541,1.90211899831489e-15,"*"
"occupationOther",1.0132417829854,1.65411006838009,0.612560072243375,0.540422765072918,""
"occupationSemiprofessional / professional",0.88490558692361,1.73374245330263,0.510401983430665,0.609976523864837,""
"occupationSemiskilled / skilled labor",0.977335985535552,1.64338808410564,0.59470796641892,0.552285508263099,""
"occupationStudent",0.124675849980779,2.35865087947251,0.0528589674147374,0.957863646924611,""
"occupationUnemployed outside home",-0.31659805321692,1.6181246302751,-0.195657397022067,0.844951257619323,""
"high_educNone",-1.69579856692667,1.85168689627856,-0.915812803090423,0.360170122618127,""
"high_educPrimary school",-1.54294750908934,1.93215782904237,-0.798561838943597,0.424892366339194,""
"high_educSecondary school",-1.32761892459242,1.91233748302404,-0.694238823626993,0.487828265940105,""
"high_educSome college or higher",-1.10535524622129,1.96514200642035,-0.562481104474873,0.574019555802582,""
