"","Estimate","Std. Error","z value","Pr(>|z|)","Predictor"
"(Intercept)",2.3495636589943,0.0596314404360804,39.4014238430618,0,"*"
"age6-11mo",0.0720007505755414,0.0526631912919422,1.36719307754063,0.171564794577767,""
"age1-4y",0.337518259319902,0.0497636514238071,6.78242551868757,1.18174791231116e-11,"*"
"age5-9y",0.472902209021963,0.0680273222881133,6.95165108835389,3.61035456390434e-12,"*"
"age10-19y",0.309433073661109,0.0491959203370533,6.2898116661119,3.17851352454482e-10,"*"
"age20-29y",0.186645268676575,0.0541209997435811,3.4486663136468,0.000563362417279405,"*"
"age30-39y",0.31405128010782,0.0535806373376373,5.86128302522482,4.59304348417127e-09,"*"
"age40-59y",0.209927935006204,0.0506457796081392,4.1450232700627,3.39779203387171e-05,"*"
"age60+y",0.239372877448564,0.0517376661678311,4.62666554521547,3.71599863890897e-06,"*"
"sexMale",-0.206734107057572,0.0248086000884427,-8.33316294835516,7.87107113956308e-17,"*"
"hh_size",0.0255305329485497,0.00238015293047284,10.7264254416954,7.64983616842466e-27,"*"
"occupationOther",-0.170493837638918,0.204780812978544,-0.832567442032676,0.40508872742568,""
"occupationSemiprofessional / professional",0.166096429455539,0.120142058786504,1.38250027619967,0.166818145726506,""
"occupationSemiskilled / skilled labor",0.0361728410294063,0.0341888777905292,1.05802949283778,0.290041996714827,""
"occupationStudent",0.0418622465497179,0.0557645342682281,0.750696604913079,0.452835266736171,""
"high_educNone",-0.0381259894319061,0.0382371761881235,-0.997092181816191,0.3187197675663,""
"high_educPrimary school",-0.0493827144308187,0.0451268448302552,-1.09430904413043,0.273819460048284,""
"high_educSecondary school",-0.204976652199334,0.0666119888804561,-3.07717357857594,0.00208973574274993,"*"
"high_educSome college or higher",0.208655309237679,0.138577224248542,1.5056969885863,0.132144977390552,""
