"","contact_age","<6mo","6-11mo","1-4y","5-9y","10-14y","15-19y","20-29y","30-39y","40-59y","60+y"
"1","<6mo",0.5,0.4,0.5,0.8,0.4,0.4,0.5,0.5,0.5,0.5
"2","6-11mo",0.5,0.5,0.6,0.6,0.5,0.5,0.5,0.6,0.5,0.5
"3","1-4y",0.7,0.8,1.1,1,0.7,0.7,0.6,0.7,0.6,0.7
"4","5-9y",1,1,1,2.1,1.3,1,0.9,0.8,0.7,0.6
"5","10-14y",1.1,1.3,1.2,1.5,3.5,4,1.6,1,1,0.8
"6","15-19y",0.7,0.8,0.9,0.9,0.8,1.3,1.7,1.2,1.2,0.8
"7","20-29y",0.8,1,0.8,0.8,0.8,1.1,1.4,0.9,0.9,0.7
"8","30-39y",0.8,0.9,0.7,0.8,0.8,0.9,1.2,1.6,1.4,1
"9","40-59y",0.7,0.8,0.8,0.7,0.7,0.9,1,1.5,1.8,1.5
"10","60+y",0.5,0.5,0.6,0.6,0.6,0.7,0.6,0.7,0.8,0.9
